Country Name,Country Code,Year,Female Labor Force Participation Rate,Female Unemployment Rate,GDP Growth Rate,GDP per Capita,Girls’ Tertiary Enrollment,Total Fertility Rate,Employed FLFPR,GDP per Capita (sqrt)
Albania,ALB,1990,53.47,10.272,-9.575640169934076,617.2304355155054,8.34232044219971,3.014,47.97756159999999,24.84412275600621
Albania,ALB,1991,59.052,10.272,-28.00214165380744,336.5869945046292,8.97181034088135,2.956,52.98617856,18.34630738063192
Albania,ALB,1992,60.357,27.158,-7.187110909642342,200.852219772323,9.5284595489502,2.885,43.96524594,14.1722341136577
Albania,ALB,1993,58.56,23.046,9.559411671112429,367.2792250775811,11.1502599716187,2.811,45.0642624,19.16453039021779
Albania,ALB,1994,57.037,18.934,8.302866596990825,586.4161351308651,11.0404996871948,2.798,46.23761441999999,24.21603054034383
Albania,ALB,1995,54.819,14.115,13.32233332688135,911.3204654453265,10.4641199111938,2.762,47.08129815,30.18808482572762
Albania,ALB,1996,53.351,12.93,7.336328947718911,1020.976180501881,11.5983200073242,2.666,46.4527157,31.952717889123
Albania,ALB,1997,55.15,15.752,-11.71157328122779,728.5455237296745,14.0885601043701,2.535,46.462772,26.9915824606427
Albania,ALB,1998,53.714,19.78,8.310025203830904,831.1753440772948,14.933349609375,2.425,43.0893708,28.83011175970871
Albania,ALB,1999,51.824,20.4,12.25072819684752,1056.344811530331,16.9277000427246,2.313,41.251904,32.5014586061969
Albania,ALB,2000,50.831,18.546,7.46285871776054,1160.420470540384,17.5028095245361,2.217,41.40388274000001,34.06494489266619
Albania,ALB,2001,49.68,18.939,8.863730660487604,1326.41652388077,17.9192295074463,2.141,40.2711048,36.42000170072443
Albania,ALB,2002,49.088,18.269,4.628395873945522,1479.838845720061,19.5883502960205,2.002,40.12011328,38.46867356330423
Albania,ALB,2003,48.461,17.388,5.333264260099455,1908.699006876076,19.7989501953125,2.006,40.03460132,43.68865993454223
Albania,ALB,2004,47.845,16.694,5.266261738607852,2446.909499477982,23.2279891967773,1.889,39.8577557,49.46624606211777
Albania,ALB,2005,47.242,16.411,5.130821930561893,2741.721365495784,26.6828994750977,1.787,39.48911538,52.36144923028567
Albania,ALB,2006,46.652,16.074,6.018981240386395,3057.772570381126,30.5197200775146,1.686,39.15315752,55.29712985663113
Albania,ALB,2007,46.076,16.39,6.50009261158209,3743.055298961871,35.5193481445312,1.633,38.5241436,61.18051404623756
Albania,ALB,2008,45.514,13.735,6.907062307137068,4498.504867636007,36.394588470459,1.616,39.2626521,67.07089434051113
Albania,ALB,2009,45.955,15.688,2.690751523621458,4213.650075746932,38.1325798034668,1.638,38.7455796,64.91263417661412
Albania,ALB,2010,46.835,15.85,2.973154426812471,4149.14469936847,49.6336517333984,1.653,39.4116525,64.41385487120353
Albania,ALB,2011,52.561,13.751,2.463516839157137,4465.709143288648,56.2686387324156,1.677,45.33333689,66.82596159643832
Albania,ALB,2012,48.936,11.508,0.9841298802041081,4280.933163388727,66.9087611209798,1.719,43.30444512,65.42884045578622
Albania,ALB,2013,43.783,13.397,1.707228317540597,4542.929035567388,73.0355050914662,1.741,37.91739149,67.40125396138701
Albania,ALB,2014,43.958,15.515,2.240226953826422,4793.597511315253,75.6627224362502,1.721,37.1379163,69.23581090241706
Albania,ALB,2015,47.117,17.122,2.2277040745779,4199.539129253976,71.7403206883066,1.631,39.04962725999999,64.80385119153009
Albania,ALB,2016,49.888,14.49,3.908935513622453,4457.634122074947,69.4634217500182,1.555,42.65922879999999,66.76551596501706
Albania,ALB,2017,49.736,12.524,3.283175933300726,5006.360129519591,69.6489676008613,1.486,43.50706336,70.75563673319314
Albania,ALB,2018,51.406,11.888,3.671419280989085,5897.654525887742,67.0805071747503,1.415,45.29485472,76.79618822498772
Albania,ALB,2019,52.931,11.318,2.062577901761216,6069.439031310275,73.0472843844399,1.395,46.94026941999999,77.90660454229972
Albania,ALB,2020,52.252,11.85,-3.313756368889159,6027.913507163485,74.0293151569234,1.371,46.060138,77.63963876244843
Albania,ALB,2021,52.523,11.678,8.969576190740952,7242.455131466127,72.8731019839685,1.365,46.38936406000001,85.10261530332735
Albania,ALB,2022,56.407,11.234,4.826800623435901,7756.961887442532,74.8408843267243,1.355,50.07023762,88.07361629592901
Albania,ALB,2023,57.963,10.957,4.01541716935742,9730.869219068934,77.0315270509882,1.348,51.61199409,98.6451682499905
Albania,ALB,2024,58.154,10.977,4.045928450953483,11377.77574310988,95.3502197265625,1.341,51.77043542,106.6666571291605
Armenia,ARM,1990,57.601,2.351,-11.69999848202703,635.3553275025167,36.458179473877,2.708,56.24680049,25.20625572159651
Armenia,ARM,1991,57.536,2.351,-11.69999848202703,572.7402609009769,36.458179473877,2.643,56.18332864,23.93199241394199
Armenia,ARM,1992,57.275,2.384,-41.8000027457562,356.3507800069331,36.458179473877,2.499,55.909564,18.8772556269955
Armenia,ARM,1993,56.808,7.37,-8.799998793293497,347.8706447208779,36.458179473877,2.286,52.6212504,18.6512906985248
Armenia,ARM,1994,56.26,8.52,5.40000277917656,390.8799642976554,36.458179473877,2.084,51.466648,19.77068446710066
Armenia,ARM,1995,55.715,10.112,6.89999841973659,443.9248608579757,36.458179473877,2.067,50.0810992,21.06952445732878
Armenia,ARM,1996,55.239,14.693,5.865400749435651,487.068624404558,36.458179473877,2.06,47.12273373,22.06963127024459
Armenia,ARM,1997,54.822,16.955,3.321079700469525,505.0358870579657,36.458179473877,1.9,45.52692990000001,22.47300351661891
Armenia,ARM,1998,54.56,13.548,7.299999987709981,590.2399473334593,36.458179473877,1.81,47.1682112,24.29485433859317
Armenia,ARM,1999,54.477,15.12,3.300000000581662,582.6698861508952,36.458179473877,1.534,46.2400776,24.13855600799052
Armenia,ARM,2000,54.459,14.499,5.900000003120923,593.4505817422821,36.458179473877,1.3,46.56298959000001,24.36084115424347
Armenia,ARM,2001,54.317,13.897,9.599999999275965,659.5889885356293,35.4469299316406,1.2,46.76856651,25.68246461178579
Armenia,ARM,2002,54.029,13.274,13.19999999793558,742.6511183198187,38.3072319030762,1.2,46.85719054,27.25162597570682
Armenia,ARM,2003,53.753,12.664,14.00000000155015,882.0301676954736,38.8413581848145,1.3,46.94572008,29.69899270506449
Armenia,ARM,2004,53.518,12.087,10.49999999882019,1130.087914441581,41.1221504211426,1.4,47.04927934,33.61678025096366
Armenia,ARM,2005,53.338,11.511,13.89999999911326,1557.484589086547,43.0884094238281,1.3,47.19826282,39.46497927386441
Armenia,ARM,2006,53.243,10.942,13.19999999946614,2041.652670689969,46.5598487854004,1.3,47.41715094000001,45.18465083067445
Armenia,ARM,2007,53.273,10.357,13.7000000015467,2962.70234594569,49.5892791748047,1.4,47.75551539000001,54.43071142237339
Armenia,ARM,2008,52.96,19.291,6.900000000429586,3777.668593137672,51.9514617919922,1.4,42.7434864,61.46274150359446
Armenia,ARM,2009,54.373,20.491,-14.10000000069978,2820.592655334702,53.7788314819336,1.5,43.23142857,53.10925206905763
Armenia,ARM,2010,54.4,21.593,2.200000000215098,3041.344507233394,54.9448066404822,1.5,42.653408,55.14838626137119
Armenia,ARM,2011,54.222,20.232,4.699999998674116,3349.553097719061,54.928687049735,1.5,43.25180496,57.87532373748817
Armenia,ARM,2012,53.928,18.584,7.200000000964863,3511.563996874258,47.6724416529669,1.6,43.90602048,59.25845084774203
Armenia,ARM,2013,53.878,18.733,3.3,3680.166921588859,47.2975713824265,1.6,43.78503426,60.66437934726489
Armenia,ARM,2014,53.835,19.397,3.60000000058993,3852.118006103844,50.7360867668963,1.7,43.39262505,62.06543326283838
Armenia,ARM,2015,53.826,19.216,3.199999998966248,3512.39350276709,53.1382998072096,1.6,43.48279584,59.26544948591118
Armenia,ARM,2016,53.881,17.49,0.1999999998259909,3524.424768747072,60.9481935381187,1.6,44.4572131,59.3668659164948
Armenia,ARM,2017,53.766,17.481,7.500000001641439,3869.053738677518,62.0346194758727,1.6,44.36716553999999,62.20171813284194
Armenia,ARM,2018,53.631,20.283,5.199999999653244,4196.005623017693,65.0200757141218,1.6,42.75302427,64.7765823659885
Armenia,ARM,2019,50.799,19.245,7.599999998539175,4597.228873995479,59.9717740488692,1.6,41.02273245,67.802867741678
Armenia,ARM,2020,54.317,17.193,-7.199999999206312,4268.680933045835,59.5712079237049,1.7,44.97827819,65.335143170011
Armenia,ARM,2021,55.118,15.227,5.800000000656453,4685.179971285085,63.5877617542473,1.7,46.72518214,68.44837449702575
Armenia,ARM,2022,50.24,13.784,12.59999999977663,6571.974455450988,64.0635593742681,1.7,43.3149184,81.06771524750768
Armenia,ARM,2023,51.517,13.155,8.299999999595386,8159.087209679959,63.8260087137715,1.9,44.73993865,90.32766580444752
Armenia,ARM,2024,51.586,13.154,5.900000000462285,8556.214069567193,61.2979414360648,1.7,44.80037756,92.4998057812404
Algeria,DZA,1990,11.705,16.577,0.8000005801749808,2445.183327402582,19.9779891967773,4.509,9.764662150000001,49.4487950045558
Algeria,DZA,1991,11.674,16.577,-1.2000005864423,1759.112016482291,19.9779891967773,4.366,9.73880102,41.94176935326276
Algeria,DZA,1992,11.663,20.615,1.800002302535091,1802.693008012888,19.9779891967773,4.274,9.25867255,42.45813241315364
Algeria,DZA,1993,11.574,23.153,-2.100000756972591,1831.048009764494,19.9779891967773,4.076,8.89427178,42.79074677736408
Algeria,DZA,1994,11.539,25.527,-0.8999965529708334,1525.540617602877,19.9779891967773,3.914,8.59343947,39.0581696652938
Algeria,DZA,1995,11.624,30.477,3.799994790638166,1466.948067604152,19.9779891967773,3.487,8.08135352,38.30075805521545
Algeria,DZA,1996,11.737,28.169,4.09999847167964,1616.831987212851,19.9779891967773,3.139,8.43080447,40.20984938062876
Algeria,DZA,1997,11.763,26.172,1.099999936842494,1628.761005615063,19.9779891967773,2.886,8.68438764,40.35791131383119
Algeria,DZA,1998,11.823,27.33,5.10000361107312,1603.366232008358,19.9779891967773,2.691,8.5917741,40.04205579148451
Algeria,DZA,1999,11.914,28.733,3.200001553195463,1596.118222390247,19.9779891967773,2.62,8.490750379999998,39.95144831405048
Algeria,DZA,2000,12.026,29.718,3.800000001584763,1772.928691227614,19.9779891967773,2.59,8.45211332,42.10615977772865
Algeria,DZA,2001,12.16,27.754,2.999999998630429,1896.300208780129,19.9779891967773,2.519,8.7851136,43.54652923919573
Algeria,DZA,2002,12.318,27.004,5.400000000000006,1937.464114130188,19.9779891967773,2.429,8.991647279999999,44.01663451617114
Algeria,DZA,2003,12.503,25.451,6.500000000620432,2283.772993461255,19.9779891967773,2.451,9.32086147,47.78883754038442
Algeria,DZA,2004,12.713,18.208,4.499999999766985,2816.993849605548,19.9779891967773,2.5,10.39821696,53.07536009868937
Algeria,DZA,2005,12.954,17.196,5.399999999695254,3233.133396342122,23.7013092041016,2.562,10.72643016,56.86064892649504
Algeria,DZA,2006,13.225,15.175,2.899999999058522,3660.661047453223,24.1994800567627,2.628,11.21810625,60.50339699102211
Algeria,DZA,2007,13.528,18.996,3.100000001286745,4167.451699375306,28.0010509490967,2.704,10.95822112,64.55580298761147
Algeria,DZA,2008,13.865,17.619,2.499999999293706,5180.918815146864,32.34689044952395,2.785,11.42212565,71.97859970259816
Algeria,DZA,2009,14.234,18.206,1.199999999695194,4235.42990456612,36.6927299499512,2.825,11.64255796,65.08018058184935
Algeria,DZA,2010,14.418,19.246,4.80000000093564,4912.785855036717,37.1623326598786,2.875,11.64311172,70.09126803701527
Algeria,DZA,2011,14.614,17.355,2.999999999419089,5916.313643643432,39.314054497609,2.899,12.0777403,76.91757694859758
Algeria,DZA,2012,14.821,17.25,2.40000000034432,6033.648846895432,41.1136395460803,2.996,12.2643775,77.67656562242844
Algeria,DZA,2013,15.036,16.557,2.600000000611644,5979.601389605846,43.7420884959084,2.997,12.54648948,77.327882355628
Algeria,DZA,2014,15.256,15.726,4.099999998665012,6094.693923149557,44.7541330817422,3.084,12.85684144,78.0685206927194
Algeria,DZA,2015,15.258,16.742,3.200000000890228,4685.059027290017,47.8722518603574,3.091,12.70350564,68.4474910226081
Algeria,DZA,2016,15.031,18.76,3.900000000176206,4424.985290275557,56.3362808633269,3.091,12.2111844,66.52056291309897
Algeria,DZA,2017,14.919,21.246,1.499999998955872,4554.667539578281,59.9877981449491,3.09,11.74930926,67.48827705296884
Algeria,DZA,2018,14.801,21.432,1.400000000882812,4577.210291804906,66.9846814731454,3.019,11.62884968,67.65508326655807
Algeria,DZA,2019,14.677,21.731,0.8999999992191476,4468.453418836562,67.9847769058202,2.997,11.48754113,66.84649144746912
Algeria,DZA,2020,13.206,24.041,-4.999999999085972,3743.541952292898,67.5418502703756,2.94,10.03114554,61.18449110920919
Algeria,DZA,2021,13.433,23.341,3.799999999007071,4160.559267369248,67.7607753417413,2.87,10.29760347,64.50239737691342
Algeria,DZA,2022,14.331,22.182,3.600000000949152,4960.303343328876,67.8072989517915,2.817,11.15209758,70.42942100662816
Algeria,DZA,2023,14.338,21.064,4.100000000059637,5370.477235078005,67.2588432657415,2.766,11.31784368,73.2835400009989
Algeria,DZA,2024,14.306,21.056,3.699999999079793,5752.990766514655,66.0945315618712,2.723,11.29372864,75.8484724072585
Egypt,EGY,1990,22.188,21.089,5.667029157158183,735.9829350280247,9.53730010986328,4.512,17.50877268,27.12900541907176
Egypt,EGY,1991,22.16,21.089,1.12540459520747,622.8296050078668,8.40878009796143,4.315,17.4866776,24.95655434966668
Egypt,EGY,1992,22.971,17.064,4.472859184081841,680.7992386455101,10.03801412582398,4.149,19.05122856,26.09212982195034
Egypt,EGY,1993,22.286,22.394,2.900790799594418,740.3342173564175,11.66724815368652,3.993,17.29527316,27.20908336119425
Egypt,EGY,1994,23.111,22.842,3.973172180345415,807.3035372304874,13.29648218154907,3.865,17.83198538,28.41308742869186
Egypt,EGY,1995,21.75,23.746,4.642458772406385,916.3266177008762,14.92571620941162,3.764,16.585245,30.27088729622698
Egypt,EGY,1996,21.05,18.56,4.988730565122083,1008.976376294474,16.55495023727416,3.7,17.14312,31.7643884923742
Egypt,EGY,1997,20.367,19.811,5.492354743029424,1146.201721176335,18.18418426513671,3.682,16.33209363,33.85560103108989
Egypt,EGY,1998,19.695,19.633,5.575497460986,1212.822598204773,19.81341829299926,3.681,15.82828065,34.82560262514883
Egypt,EGY,1999,20.512,19.111,6.053438784675549,1268.309491604959,21.4426523208618,3.599,16.59195168,35.61333305947309
Egypt,EGY,2000,20.406,22.844,6.370003829917664,1366.092743726135,23.07188634872435,3.505,15.74445336,36.96069187293624
Egypt,EGY,2001,20.337,21.838,3.535251973915067,1295.137418416295,24.7011203765869,3.46,15.89580594,35.988017706124
Egypt,EGY,2002,18.191,24.078,2.390204025737262,1116.828846262128,26.0716495513916,3.412,13.81097102,33.41898930641273
Egypt,EGY,2003,18.925,23.403,3.193454737397445,1031.275562912836,24.238639831543,3.352,14.49598225,32.11347945820939
Egypt,EGY,2004,19.68,26.429,4.092071611253402,991.2556891452525,24.4102401733398,3.283,14.4787728,31.48421333216462
Egypt,EGY,2005,20.457,24.602,4.471744471744344,1105.539207139034,25.9733695983887,3.254,15.42416886,33.2496497295691
Egypt,EGY,2006,21.259,23.786,6.843838193791171,1298.979002031245,26.5457592010498,3.223,16.20233426,36.04135127920767
Egypt,EGY,2007,23.326,18.283,7.087827426810378,1547.741707359086,24.9158401489258,3.237,19.06130742,39.34134857067162
Egypt,EGY,2008,21.895,18.726,7.156283566058192,1896.21594269779,27.6888198852539,3.238,17.7949423,43.54556168770578
Egypt,EGY,2009,22.915,22.187,4.673599799523913,2161.639645739265,27.6997699737549,3.259,17.83084895,46.49343658775145
Egypt,EGY,2010,23.19,21.941,5.147234857553102,2455.081946452821,28.7817335625847,3.296,18.1018821,49.54878350124068
Egypt,EGY,2011,22.537,22.317,1.764571948998196,2590.64384891965,24.4210399901682,3.311,17.50741771,50.89836784141168
Egypt,EGY,2012,22.511,23.911,2.22619979863525,2996.067707201501,24.8590041191491,3.4,17.12839479,54.73634722194659
Egypt,EGY,2013,23.012,24.091,2.185466053621425,3025.525635524481,26.891342745999,3.49,17.46817908,55.00477829720325
Egypt,EGY,2014,23.166,23.915,2.915911879857475,3133.391022655408,27.6723589088676,3.49,17.6258511,55.97670071248758
Egypt,EGY,2015,22.813,24.68,4.372019077901413,3306.981594141408,32.4670104980469,3.5,17.1827516,57.50636133630268
Egypt,EGY,2016,23.072,23.507,4.346643455554471,3270.628776819699,32.4108695983887,3.35,17.64846496,57.18941140473207
Egypt,EGY,2017,22.184,22.824,4.181220999947783,2395.103332994913,32.5399181220118,3.31,17.12072384,48.93979293984511
Egypt,EGY,2018,18.415,21.333,5.331108618944796,2484.703156305083,37.0107192993164,3.02,14.48652805,49.8467968510022
Egypt,EGY,2019,15.859,21.312,5.552093071569558,2962.988920230026,34.2484230207107,2.87,12.47912992,54.43334382738237
Egypt,EGY,2020,14.609,17.631,3.55016483786838,3511.113810263795,38.4738006591797,2.85,12.03328721,59.25465222464642
Egypt,EGY,2021,15.59,15.924,3.290646012022108,3827.354153743081,35.4070535689265,2.75,13.1074484,61.86561366173523
Egypt,EGY,2022,15.233,14.454,6.587845608869671,4233.307837448563,36.6387405395508,2.75,13.03122218,65.06387505712031
Egypt,EGY,2023,18.478,15.166,3.76028052279247,3456.78968456253,37.9565582275391,2.75,15.67562652,58.79446984676815
Egypt,EGY,2024,18.468,15.282,2.399169267825101,3338.473713958945,37.4793898371231,2.735,15.64572024,57.77952677167706
Georgia,GEO,1990,70.318,2.558,-14.78878504672898,1610.980271468683,34.0329704284668,2.306,68.51926556,40.13701871674929
Georgia,GEO,1991,71.498,2.558,-21.0998508379398,1307.823427130064,34.0329704284668,2.208,69.66908116,36.16384143215519
Georgia,GEO,1992,72.806,5.119,-44.89977480608302,757.2235485053577,38.1866807937622,2.045,69.07906086,27.51769518883
Georgia,GEO,1993,74.262,5.121,-29.30016650688732,550.0155426092244,42.3403911590576,1.912,70.45904298,23.45241016631818
Georgia,GEO,1994,75.882,7.969,-10.39823008849558,519.8155788149649,46.494101524353,1.835,69.83496342000001,22.79946444140662
Georgia,GEO,1995,74.811,7.21,2.596575069693358,578.3369234608658,50.6478118896484,1.807,69.4171269,24.04863662374368
Georgia,GEO,1996,72.437,10.906,11.20254638615015,689.0346341533118,44.8069190979004,1.759,64.53702077999999,26.24946921660154
Georgia,GEO,1997,70.325,10.902,10.5208042446244,807.0322857523524,46.8881301879883,1.728,62.6581685,28.40831367315477
Georgia,GEO,1998,69.478,13.773,3.101509696165763,851.515542450841,42.98157501220705,1.703,59.90879506,29.18073923756629
Georgia,GEO,1999,68.75,12.248,2.86729567454968,673.5377828872752,39.0750198364258,1.643,60.3295,25.95260647579112
Georgia,GEO,2000,68.205,10.527,1.840381179273393,749.9085349939613,39.1737403869629,1.609,61.02505965,27.38445790944128
Georgia,GEO,2001,67.319,10.68,4.807298672436985,801.9838370792896,40.0761413574219,1.579,60.12933080000001,28.31931914928905
Georgia,GEO,2002,66.464,11.107,5.474024887004077,853.5261718689393,43.0371513366699,1.571,59.08184352,29.21517023515248
Georgia,GEO,2003,65.003,11.54,11.05703100201036,1010.031516308684,43.2041015625,1.552,57.50165380000001,31.7809930038173
Georgia,GEO,2004,64.224,11.813,5.792682926829258,1305.047485572078,44.0196800231934,1.566,56.63721888,36.1254409740847
Georgia,GEO,2005,63.093,12.733,9.591138328530263,1642.783594147973,49.0268402099609,1.583,55.05936831,40.53126687075021
Georgia,GEO,2006,62.089,11.752,9.421480811899087,1996.02013272284,43.1696281433105,1.617,54.79230071999999,44.67684112292229
Georgia,GEO,2007,60.953,12.601,12.57556982464045,2635.366502761162,42.0736694335938,1.697,53.27231247,51.33582085406994
Georgia,GEO,2008,60.721,17.606,2.421614409606406,3324.753720501501,40.7785987854004,1.832,50.03046074,57.66067741972428
Georgia,GEO,2009,60.943,19.17,-3.650752295968218,2822.689396687966,30.7644805908203,1.993,49.2602269,53.12898828970834
Georgia,GEO,2010,60.384,17.682,6.246408653033626,3281.729309373429,35.4432914618605,1.973,49.70690112,57.28637978938301
Georgia,GEO,2011,59.769,17.487,7.934336525307799,4119.668183071927,38.3894771843667,1.915,49.31719497,64.18464133320313
Georgia,GEO,2012,59.313,18.414,6.578831019541951,4530.695334094308,37.2198781059541,1.929,48.39110418000001,67.31044000817636
Georgia,GEO,2013,59.008,16.331,5.132885312093819,4712.002293826649,45.0691336488554,1.993,49.37140352000001,68.64402591505433
Georgia,GEO,2014,58.811,14.598,4.090490595817428,4830.334861702489,50.8549589145805,2.18,50.22577022,69.50061051316376
Georgia,GEO,2015,58.678,14.02,3.351023502653533,4086.622346596499,56.2940888308295,2.214,50.4513444,63.92669510147149
Georgia,GEO,2016,58.551,12.737,3.450215179968708,4143.401256863152,61.2539265889238,2.228,51.09335913,64.3692570786952
Georgia,GEO,2017,58.382,12.766,5.159902616588269,4418.752065466785,66.1567398119122,2.136,50.92895388,66.4736945375145
Georgia,GEO,2018,55.742,11.254,6.062036412677003,4804.054604044404,68.5508545862952,2.093,49.46879532,69.31128771018761
Georgia,GEO,2019,54.716,10.174,5.380719265899515,4741.283271587601,72.0135969397417,2.021,49.14919416000001,68.8569769274516
Georgia,GEO,2020,55.206,10.245,-6.2904717853839,4300.85701291207,75.0586297121814,1.976,49.5501453,65.58091957964656
Georgia,GEO,2021,53.055,10.297,10.64423365809692,5083.606954845773,81.26495658881,1.98,47.59192665,71.29941763328627
Georgia,GEO,2022,55.755,10.237,10.95853213856239,6729.846599302833,84.6260373912433,1.82,50.04736065,82.03564224959071
Georgia,GEO,2023,56.251,10.177,7.832201265557259,8283.669606522612,84.0958562940011,1.81,50.52633573,91.01466698572605
Georgia,GEO,2024,56.673,10.187,9.679793875006908,9241.49122313713,84.0958562940011,1.802,50.89972149,96.13267510652729
Iran,IRN,1990,9.57,24.598,13.59492644358396,2137.942227398768,14.3763198852539,4.934,7.215971400000001,46.23788735873178
Iran,IRN,1991,9.769,24.598,12.71614844240976,2194.439068036567,14.3763198852539,4.568,7.36602138,46.8448403566131
Iran,IRN,1992,9.907,22.318,3.297981919580579,1957.485077942519,14.3763198852539,4.099,7.69595574,44.24347497589355
Iran,IRN,1993,10.048,20.617,-1.471011482183812,1038.109856820673,14.3763198852539,3.674,7.976403840000001,32.21971223987999
Iran,IRN,1994,10.208,18.763,-1.69828611909162,1167.762725137951,14.3763198852539,3.244,8.29267296,34.1725434396966
Iran,IRN,1995,10.395,16.237,2.401044552200233,1550.0095955025,14.3763198852539,2.852,8.707163849999999,39.37016123287407
Iran,IRN,1996,10.591,13.434,6.350526018736446,1914.781212943129,14.3763198852539,2.542,9.16820506,43.75821309129441
Iran,IRN,1997,11.304,14.89,1.350399274300301,1790.066175755979,15.13027318318683,2.323,9.6208344,42.30917365957387
Iran,IRN,1998,12.058,16.429,2.080011780271334,1709.19334096046,15.88422648111977,2.19,10.07699118,41.34239157282099
Iran,IRN,1999,12.853,18.118,2.002696232534348,1739.594620014585,16.6381797790527,2.089,10.52429346,41.70844782552552
Iran,IRN,2000,13.691,19.383,5.845527475782092,1650.013858337851,17.2309799194336,1.999,11.03727347,40.62036260716847
Iran,IRN,2001,14.578,20.795,2.392172712078676,1881.022666352829,18.6210994720459,1.918,11.5465049,43.37075819435059
Iran,IRN,2002,15.5,21.852,8.078829279752426,1891.257560910334,17.9927196502686,1.836,12.11294,43.48859115803056
Iran,IRN,2003,16.486,18.942,8.639298397200605,2208.996365524055,19.7185096740723,1.801,13.36322188,46.99996133534638
Iran,IRN,2004,17.555,16.2,4.33666597851041,2672.422665140398,22.0902194976807,1.78,14.71109,51.69548012293143
Iran,IRN,2005,18.684,17.687,3.189804087288238,3132.050819200696,23.3864803314209,1.756,15.37936092,55.96472834920844
Iran,IRN,2006,18.042,16.578,4.999795261812224,3618.916013644281,26.5123901367188,1.755,15.05099724,60.15742692007597
Iran,IRN,2007,17.005,16.174,8.155773523585168,4687.991662607176,31.8951206207275,1.748,14.2546113,68.4689101900065
Iran,IRN,2008,14.763,17.008,0.2508565534936338,5377.411507295701,39.1407318115234,1.743,12.25210896,73.33083599206886
Iran,IRN,2009,15.692,17.102,1.007385457904746,5415.522805534456,38.0134811401367,1.74,13.00835416,73.59023580295457
Iran,IRN,2010,15.14,20.838,5.797938301696036,6291.194436554542,42.9514312744141,1.749,11.9851268,79.31705009992834
Iran,IRN,2011,13.595,21.187,2.6457179180628,8025.687433643556,48.448600769043,1.792,10.71462735,89.58620113412309
Iran,IRN,2012,14.89,19.921,-3.747171398641086,8114.080998318772,54.507999420166,1.851,11.9237631,90.07819380026874
Iran,IRN,2013,13.344,20.016,-1.521979204941843,6222.741948403264,55.5274887084961,1.913,10.67306496,78.88435807182096
Iran,IRN,2014,12.994,19.907,4.984775067094759,5672.063728963186,62.3088912963867,1.975,10.40728442,75.31310462969367
Iran,IRN,2015,14.362,19.624,-1.424884939375033,4952.733555321775,66.2445526123047,2.017,11.54360112,70.37566024785683
Iran,IRN,2016,16.174,20.902,8.815086642518196,5710.599470891042,63.8946418762207,2.054,12.79331052,75.56850846014524
Iran,IRN,2017,17.358,20.009,3.026854686940254,6000.933464044092,62.2489585876465,2.023,13.88483778,77.46569217430444
Iran,IRN,2018,17.341,19.062,-3.74796015711334,4783.010673402372,57.9571418762207,1.919,14.03545858,69.15931371407883
Iran,IRN,2019,16.812,17.633,-2.361435387705754,3997.493544958496,56.54296875,1.766,13.84754004,63.22573483130501
Iran,IRN,2020,13.723,15.739,4.441808653586719,3202.500035021685,55.3022689819336,1.7,11.56313703,56.59063557711369
Iran,IRN,2021,13.086,16.098,4.130896850344712,4605.148813189922,54.9481811523438,1.709,10.97941572,67.86124677008169
Iran,IRN,2022,13.469,15.878,4.352810875213436,4721.204370999842,59.131290435791,1.704,11.33039218,68.71102073903315
Iran,IRN,2023,14.128,15.11,5.332351172164067,5049.299316427539,59.131290435791,1.695,11.9932592,71.05842185432729
Iran,IRN,2024,14.144,15.116,3.663120568307178,5190.169590248213,59.131290435791,1.684,12.00599296,72.04283163679932
Jordan,JOR,1990,11.201,32.183,-0.2759039075919247,1148.590054698994,20.8662395477295,5.544,7.59618217,33.89085503050924
Jordan,JOR,1991,11.142,32.183,1.608531072602432,1109.655646119968,20.1145095825195,5.33,7.556170139999999,33.31149420425281
Jordan,JOR,1992,11.406,30.3,14.34977605968855,1286.634736059598,20.1491394042969,5.137,7.949982000000001,35.86969105051781
Jordan,JOR,1993,11.44,30.003,4.486989779857552,1289.414543100696,20.5331802368164,4.972,8.0076568,35.90841883320255
Jordan,JOR,1994,11.488,29.65,4.971476699647567,1367.187217766915,18.8062000274658,4.819,8.081808,36.97549482788452
Jordan,JOR,1995,11.572,30.103,6.200874443738186,1415.711515921284,19.3457450866699,4.676,8.088480839999999,37.62594206024992
Jordan,JOR,1996,11.569,24.371,2.08702078168028,1410.174241894192,19.885290145874,4.508,8.74951901,37.55228677316725
Jordan,JOR,1997,11.61,23.665,3.308475383047366,1435.875938468626,22.8023204803467,4.318,8.8624935,37.89295367833742
Jordan,JOR,1998,11.663,23.03,3.012172690465647,1532.113803956023,25.3606503804525,4.112,8.9770111,39.1422253321911
Jordan,JOR,1999,11.739,22.141,3.389530794050884,1544.587505929793,27.9189802805583,3.971,9.13986801,39.30124051387937
Jordan,JOR,2000,11.845,21.272,4.245711920791791,1570.610029404775,30.4773101806641,3.864,9.3253316,39.63092264135135
Jordan,JOR,2001,11.289,20.598,5.269957575135706,1632.294540105629,32.4411849975586,3.803,8.96369178,40.40166506600475
Jordan,JOR,2002,11.892,22.111,5.78380792679296,1706.267443844012,34.4050598144531,3.805,9.26255988,41.30699025399953
Jordan,JOR,2003,10.852,20.921,4.161667555444069,1775.676255814318,40.1000595092773,3.816,8.58165308,42.13877378156985
Jordan,JOR,2004,11.116,23.532,8.56721424236899,1940.08641342805,45.1623001098633,3.729,8.50018288,44.04641203807694
Jordan,JOR,2005,11.382,26.167,8.146594810799314,2087.870792736346,43.4914512634277,3.653,8.403672059999998,45.69322480123662
Jordan,JOR,2006,11.579,25.337,8.092975278119326,2342.634595749326,42.5890693664551,3.711,8.645228770000001,48.40077061111037
Jordan,JOR,2007,14.367,25.934,8.176169952046465,2506.205994841393,43.2695083618164,3.797,10.64106222,50.06202148177192
Jordan,JOR,2008,13.939,24.775,7.220386372801386,3241.652413555596,46.2810897827148,3.876,10.48561275,56.93551100636225
Jordan,JOR,2009,14.589,24.481,5.023710072726686,3435.833759069801,47.0157508850098,3.841,11.01746691,58.61598552502381
Jordan,JOR,2010,14.464,21.91,2.314834220630459,3718.465716229453,42.8696092407306,3.78,11.2949376,60.97922364403677
Jordan,JOR,2011,14.424,21.352,2.737179886321044,3946.855038555245,42.9862573137181,3.69,11.34418752,62.82400049786105
Jordan,JOR,2012,13.864,20.125,2.429358001002385,4169.504700546181,50.4808802511437,3.568,11.07387,64.57170201060354
Jordan,JOR,2013,12.946,22.314,2.609947375486314,4311.219167130379,47.3797105677966,3.449,10.05722956,65.65987486380384
Jordan,JOR,2014,12.283,20.879,3.384078099334715,4191.180500849864,44.27854088444951,3.302,9.71843243,64.7393273123058
Jordan,JOR,2015,13.599,22.759,2.496528793151882,4042.756780975546,41.1773712011024,3.141,10.50400359,63.58267673647867
Jordan,JOR,2016,15.051,24.082,1.994180849301202,3986.716770108529,38.0438002887414,3.072,11.42641818,63.14045272334155
Jordan,JOR,2017,16.612,27.336,2.473598154490446,4065.616287493843,33.0025457029457,2.994,12.07094368,63.76218540399821
Jordan,JOR,2018,14.649,24.099,1.919070913415638,4145.439896732647,37.0075501126946,2.923,11.11873749,64.38509064009033
Jordan,JOR,2019,13.685,23.993,1.75124077866225,4170.114400346496,35.1728040357134,2.855,10.40155795,64.57642294480623
Jordan,JOR,2020,14.975,25.348,-1.102751883090463,4022.040135613496,35.9681072976761,2.791,11.179137,63.4195564129354
Jordan,JOR,2021,13.964,26.175,3.65564358999147,4183.499983268664,37.1504694896402,2.735,10.308923,64.67998131778226
Jordan,JOR,2022,13.922,26.868,2.647435149120582,4332.251598979315,39.9900863074411,2.679,10.18143704,65.81984198537182
Jordan,JOR,2023,15.933,23.072,2.884083392816834,4466.083142085751,40.4090341678811,2.639,12.25693824,66.8287598424941
Jordan,JOR,2024,16.008,23.136,2.488894096036475,4618.095924985674,43.6054644483467,2.604,12.30438912,67.95657381729654
Lebanon,LBN,1990,17.975,10.553,26.53316009324914,789.5263384847376,23.0771808624268,3.268,16.07809825,28.09851132150487
Lebanon,LBN,1991,18.045,10.553,49.44737918491413,1278.421257456334,23.0771808624268,3.162,16.14071115,35.75501723473691
Lebanon,LBN,1992,18.453,10.181,16.43834570457281,1559.381006284464,23.0771808624268,3.052,16.57430007,39.48899854750009
Lebanon,LBN,1993,18.713,10.172,10.76566979718889,2078.638642155623,22.75307321548465,2.937,16.80951364,45.59208968840563
Lebanon,LBN,1994,18.917,10.256,8.105241977345017,2467.769427205772,22.4289655685425,2.823,16.97687248,49.67664871149997
Lebanon,LBN,1995,19.092,10.346,6.448862569852579,2958.742639574617,22.10485792160035,2.725,17.11674168,54.39432543542218
Lebanon,LBN,1996,19.353,10.328,11.2859357161668,3393.050907493587,21.7807502746582,2.698,17.35422216,58.2499004934222
Lebanon,LBN,1997,19.431,10.524,1.054966667406674,3834.059078753099,24.16250038146973,2.667,17.38608156,61.91977938230318
Lebanon,LBN,1998,19.559,10.437,3.665723785056827,4124.855278925752,26.54425048828126,2.648,17.51762717,64.22503623140864
Lebanon,LBN,1999,19.612,10.602,-0.5255846347830868,4086.938727896333,28.9260005950928,2.631,17.53273576,63.9291696168215
Lebanon,LBN,2000,19.698,10.426,1.341871619704051,3986.835139410256,29.7559299468994,2.6,17.64428652,63.14139006555253
Lebanon,LBN,2001,19.829,10.25,3.839669277029728,4009.559297511015,33.7775001525879,2.576,17.7965275,63.32108098817498
Lebanon,LBN,2002,19.959,9.973,3.423149828437815,4290.852838032664,36.0026817321777,2.523,17.96848893,65.50460165540024
Lebanon,LBN,2003,20.091,9.755,3.227098268790414,4437.715885075258,36.4742698669434,2.457,18.13112295,66.61618335716372
Lebanon,LBN,2004,20.281,9.512,6.679444616411033,4600.683714129933,37.3158683776855,2.378,18.35187128,67.82834005141164
Lebanon,LBN,2005,20.51,9.742,2.685779310163454,4602.198046379449,39.8582916259766,2.291,18.5119158,67.83950210887053
Lebanon,LBN,2006,20.745,9.999,1.54951500083213,4635.251411748604,41.4483299255371,2.244,18.67070745,68.08268070330813
Lebanon,LBN,2007,20.984,10.142,9.310622526411436,5125.25809960149,44.7081108093262,2.201,18.85580272,71.59090793949669
Lebanon,LBN,2008,21.585,10.299,9.069128267890818,5912.045328208416,46.6957397460938,2.172,19.36196085,76.88982590829828
Lebanon,LBN,2009,22.195,10.345,10.23215557777601,7090.854938566208,45.9728393554688,2.191,19.89892725,84.20721429050012
Lebanon,LBN,2010,22.817,10.671,7.975135558449324,7625.810515511655,46.2761695308238,2.256,20.38219793,87.32588685785936
Lebanon,LBN,2011,23.448,11.21,0.8673398785527695,7834.96257108993,49.194798280977,2.32,20.8194792,88.51532393371178
Lebanon,LBN,2012,24.089,11.753,2.564791336800383,8406.984056081175,49.8551689551413,2.345,21.25781983,91.68960713233085
Lebanon,LBN,2013,24.74,12.195,3.827873498601605,8162.379293613964,53.6362311135502,2.361,21.722957,90.34588697674047
Lebanon,LBN,2014,25.401,12.445,2.48406010500743,7577.641330236905,48.8564987182617,2.375,22.23984555,87.04964865085272
Lebanon,LBN,2015,26.114,12.812,0.4623207925975805,7714.109999880404,41.060400495244,2.382,22.76827432,87.83000626141617
Lebanon,LBN,2016,26.885,13.176,1.554549408569429,8089.012088155,48.7059189063228,2.39,23.3426324,89.93893532922769
Lebanon,LBN,2017,27.67,13.52,0.9030284640738131,8608.21084982387,50.4894604066163,2.372,23.929016,92.78044432866157
Lebanon,LBN,2018,28.47,13.898,-1.884705756316507,9174.536662047589,54.2066617357206,2.347,24.5132394,95.78380166838018
Lebanon,LBN,2019,29.286,14.323,-6.914924728510258,8905.880054974366,57.1435211987779,2.327,25.09136622,94.37097040390316
Lebanon,LBN,2020,25.944,16.249,-21.39989969143213,5561.19166950397,57.1435211987779,2.308,21.72835944,74.57339786749675
Lebanon,LBN,2021,23.882,15.874,-7.001238625141156,4045.373910662337,57.1435211987779,2.283,20.09097132,63.60325393140148
Lebanon,LBN,2022,22.339,14.593,-0.6216789706631118,3654.358455348785,57.1435211987779,2.263,19.07906973,60.45128993949414
Lebanon,LBN,2023,22.234,14.48,-0.7605844702573137,3477.724898426838,57.1435211987779,2.239,19.0145168,58.97223837049801
Lebanon,LBN,2024,22.234,14.48,-0.7605844702573137,3477.724898426838,57.1435211987779,2.227,19.0145168,58.97223837049801
Morocco,MAR,1990,22.819,12.96,3.411812226301151,1229.07104492188,7.95197010040283,4.06,19.8616576,35.05810954575104
Morocco,MAR,1991,23.234,12.96,7.216088153590846,1292.23376464844,7.65607976913452,3.947,20.2228736,35.94765311739335
Morocco,MAR,1992,23.163,13.164,-2.097738754022004,1327.02954101563,7.76493978500366,3.757,20.11382268,36.42841666907347
Morocco,MAR,1993,23.177,13.341,-0.7405917003323736,1226.43054199219,8.2710599899292,3.548,20.08495643,35.02043035132764
Morocco,MAR,1994,23.8,13.224,10.58800041612862,1358.79443359375,8.5750904083252,3.413,20.652688,36.86182895074185
Morocco,MAR,1995,23.557,13.364,-5.405447871974019,1466.78820800781,9.17057037353516,3.295,20.40884252,38.29867109976285
Morocco,MAR,1996,24.236,12.864,12.37287627004962,1596.83239746094,9.299210071563724,3.229,21.11828096,39.96038535175731
Morocco,MAR,1997,24.2,13.348,-1.560702345507821,1426.30114746094,9.42784976959229,3.147,20.969784,37.76640236322412
Morocco,MAR,1998,24.618,12.863,7.238552676919866,1668.49755859375,7.60536003112793,3.037,21.45138666,40.84724664642343
Morocco,MAR,1999,24.753,13.291,1.697061477256597,1635.65673828125,7.9677300453186,2.882,21.46307877,40.44325330980743
Morocco,MAR,2000,24.934,13.014,2.582180914997465,1499.107421875,8.55527973175049,2.774,21.68908924,38.71830861330334
Morocco,MAR,2001,25.365,12.505,7.721825195777285,1506.24523925781,9.05414009094238,2.686,22.19310675,38.81037540732903
Morocco,MAR,2002,24.788,12.547,3.730197374857454,1596.02062988281,9.30527973175049,2.617,21.67784964,39.9502269065247
Morocco,MAR,2003,25.041,13.004,6.171102149532445,1941.87255859375,9.69301986694336,2.606,21.78466836,44.06668309044544
Morocco,MAR,2004,25.293,11.37,4.571380165162083,2183.55541992188,10.1724395751953,2.611,22.4171859,46.72852897237276
Morocco,MAR,2005,25.54,11.563,3.192249730158309,2242.98828125,10.5286903381348,2.613,22.5868098,47.36019722562396
Morocco,MAR,2006,25.784,9.67,7.790820010402697,2438.12646484375,11.4979295730591,2.611,23.2906872,49.37738819382562
Morocco,MAR,2007,26.029,9.427,3.441067766904183,2755.5859375,11.1429100036621,2.618,23.57524617,52.49367521425796
Morocco,MAR,2008,26.278,9.784,5.684539362847318,3183.20043945313,12.4914503097534,2.612,23.70696048,56.41985855577033
Morocco,MAR,2009,25.909,9.286,3.74576940136258,3119.58862304688,12.5205802917481,2.624,23.50309026,55.85327763924764
Morocco,MAR,2010,25.546,9.491,3.499557094032156,3067.9853515625,13.5493332175636,2.629,23.12142914,55.38939746524149
Morocco,MAR,2011,25.118,10.246,5.52464523319847,3301.98876953125,15.5196313141869,2.595,22.54440972,57.46293387507507
Morocco,MAR,2012,24.358,9.957,3.062343685029973,3164.17724609375,18.594068707251,2.543,21.93267394,56.25101995603058
Morocco,MAR,2013,24.718,9.572,4.122212868609438,3379.7431640625,22.1497192382812,2.478,22.35199304,58.13555851681912
Morocco,MAR,2014,24.779,10.287,2.719244080202898,3435.40698242188,25.0591708021193,2.425,22.22998427,58.61234496607246
Morocco,MAR,2015,24.362,10.415,4.344582976352385,3146.24780273438,28.0365406774835,2.406,21.8246977,56.09142361122937
Morocco,MAR,2016,23.275,10.693,0.5211855060896795,3140.85546875,30.8941714412006,2.396,20.78620425,56.04333563190185
Morocco,MAR,2017,22.45,10.629,5.057898161734457,3296.52661132813,33.0600862856825,2.375,20.0637895,57.41538653817572
Morocco,MAR,2018,22.23,10.685,3.065641330259552,3501.69799804688,35.2085552985923,2.354,19.8547245,59.17514679362342
Morocco,MAR,2019,21.999,10.621,2.890974761370771,3508.09765625,38.4051990422671,2.342,19.66248621,59.22919597841929
Morocco,MAR,2020,20.688,12.219,-7.178207442467738,3268.0302734375,40.9987555033672,2.32,18.16013328,57.1666884945901
Morocco,MAR,2021,20.697,11.901,8.154738898236815,3785.93627929688,45.1439525155155,2.288,18.23385003,61.52996245161279
Morocco,MAR,2022,19.584,11.046,1.812692421948086,3463.1376953125,49.4333879081328,2.256,17.42075136,58.84842984576989
Morocco,MAR,2023,19.671,10.578,3.65564411017931,3813.72607421875,51.8200104174748,2.23,17.59020162,61.75537283685323
Morocco,MAR,2024,19.827,10.76,3.79336515978963,4153.1943359375,53.4796749973273,2.208,17.6936148,64.44528171974656
Tunisia,TUN,1990,22.245,17.374,7.949819436654607,1476.431604773108,6.06022977828979,3.441,18.3801537,38.42436212578041
Tunisia,TUN,1991,22.373,17.374,3.904545303131982,1537.879165113058,6.82883977890015,3.31,18.48591498,39.21580249227418
Tunisia,TUN,1992,22.764,17.062,7.80572887722397,1784.818501882677,7.69506978988647,3.189,18.88000632,42.24711234963495
Tunisia,TUN,1993,22.879,17.373,2.189828861458238,1649.18537309075,8.79664993286133,3.058,18.90423133,40.61016342112834
Tunisia,TUN,1994,23.073,17.421,3.178411322094405,1733.466146735063,9.56672954559326,2.874,19.05345267,41.63491499613111
Tunisia,TUN,1995,23.297,17.721,2.351669850865406,1968.166009443725,10.1588001251221,2.67,19.16853863,44.36401705711201
Tunisia,TUN,1996,23.542,17.46,7.146080967820609,2107.408156492565,11.052209854126,2.488,19.4315668,45.90651540350852
Tunisia,TUN,1997,23.812,17.345,5.440943501074671,2202.060906209565,11.9123697280884,2.338,19.6818086,46.92612178957009
Tunisia,TUN,1998,23.758,16.87,4.783762478256648,2285.019335418639,13.5148601531982,2.197,19.7500254,47.80187585669247
Tunisia,TUN,1999,23.716,16.579,6.054634478981583,2376.065667915961,15.7413301467896,2.082,19.78412436,48.7449040199687
Tunisia,TUN,2000,23.684,16.108,4.709972913804904,2199.044659363143,18.6372299194336,2.025,19.86898128,46.8939725270012
Tunisia,TUN,2001,23.663,15.565,3.79627166202512,2235.719816247511,21.6768894195557,1.975,19.97985405,47.28339894981653
Tunisia,TUN,2002,23.654,15.741,1.322557148289462,2320.772380578498,24.1092891693115,1.941,19.93062386,48.17439548742151
Tunisia,TUN,2003,23.655,16.207,4.702399532852411,2725.864314885902,29.0458106994629,1.956,19.82123415,52.20981052336717
Tunisia,TUN,2004,23.669,16.314,6.235790722226469,3067.419363769748,32.5113792419434,1.95,19.80763934,55.38428805870622
Tunisia,TUN,2005,23.699,15.173,3.486545543043903,3146.826074392703,33.9959983825684,1.953,20.10315073,56.09657809878159
Tunisia,TUN,2006,24.489,15.159,5.244099832469161,3322.56933570096,37.190731048584,1.952,20.77671249,57.64173258760497
Tunisia,TUN,2007,24.584,15.173,6.709520974535536,3726.916729356669,38.3331489562988,1.957,20.85386968,61.04847851795054
Tunisia,TUN,2008,24.815,15.957,4.237781475028186,4255.050080195232,39.9534683227539,1.975,20.85527045,65.23074489989541
Tunisia,TUN,2009,24.773,18.814,3.043450123715516,4080.090324487805,42.2665710449219,2.004,20.11220778,63.87558472912639
Tunisia,TUN,2010,24.792,18.987,2.97113275066512,4291.861208915754,43.5449600219727,2.075,20.08474296,65.51229815016227
Tunisia,TUN,2011,24.765,27.443,-2.046633895356436,4420.64772206537,44.2141609191895,2.189,17.96874105,66.48795170604498
Tunisia,TUN,2012,25.576,25.673,4.216677115356319,4297.267824542726,43.7649993896484,2.277,19.00987352,65.55354929020034
Tunisia,TUN,2013,25.447,23.056,2.42993096446429,4369.79345826358,41.8755416870117,2.31,19.57993968,66.1044133039813
Tunisia,TUN,2014,25.733,21.57,3.090328030707752,4458.978954645474,41.8076400756836,2.316,20.1823919,66.77558651667145
Tunisia,TUN,2015,26.072,22.236,0.967834205635981,4014.947736864322,41.4834289550781,2.306,20.27463008,63.36361524458908
Tunisia,TUN,2016,26.647,23.501,1.117231963991998,3847.803544488087,39.3935012817383,2.275,20.38468853,62.03066616189194
Tunisia,TUN,2017,26.477,22.676,2.252614376205869,3619.032473199532,39.514591217041,2.205,20.47307548,60.15839486887538
Tunisia,TUN,2018,27.383,22.773,2.606969653563624,3628.103664642358,39.4826812744141,2.133,21.14706941,60.23374191134366
Tunisia,TUN,2019,28.272,25.276,1.550093049667424,3528.87213306798,40.3639793395996,2.1,21.12596928,59.4043107279933
Tunisia,TUN,2020,26.274,24.607,-8.975126229347225,3548.653636638027,41.8467102050781,2.0,19.80875682,59.57057693726012
Tunisia,TUN,2021,26.698,22.357,4.736036482061024,3906.939263193908,42.5805397033691,1.8,20.72912814,62.50551386232984
Tunisia,TUN,2022,27.519,20.155,2.752287610043808,3707.292834143812,47.8295097351074,1.847,21.97254555,60.88754252015606
Tunisia,TUN,2023,26.781,20.453,0.1840155484697448,3951.116833769215,49.398738861084,1.832,21.30348207,62.85790987432858
Tunisia,TUN,2024,26.635,20.72,1.614445649769863,4181.137893012285,49.398738861084,1.818,21.116228,64.6617189147666
Turkey,TUR,1990,33.931,7.122,9.266146671493146,2689.526219212329,8.27610969543457,3.107,31.51443417999999,51.86064229463736
Turkey,TUR,1991,33.994,7.122,0.720279035610119,2649.272599744394,8.89358043670654,3.003,31.57294732,51.47108508419455
Turkey,TUR,1992,32.59,7.77,5.03563493896803,2743.65320297936,9.59401035308838,2.939,30.057757,52.37989311729606
Turkey,TUR,1993,26.651,9.355,7.651265203015086,3057.937374804221,10.9650802612305,2.916,24.15779895,55.29862000813602
Turkey,TUR,1994,31.144,8.089,-4.668147363948393,2176.280181380901,14.450309753418,2.874,28.62476184,46.65061823149722
Turkey,TUR,1995,30.799,7.324,7.878266876189912,3845.989978878408,15.0267200469971,2.835,28.54328124,62.01604614032087
Turkey,TUR,1996,30.459,5.965,7.157798479308468,4041.362102816864,15.6662998199463,2.779,28.64212065,63.57170835219755
Turkey,TUR,1997,28.717,7.805,7.357862374784801,4197.376361656425,16.3058795928955,2.744,26.47563815,64.78716201267366
Turkey,TUR,1998,29.177,6.807,1.908570643451512,4331.027612750372,17.6821708679199,2.707,27.19092161,65.81054332514185
Turkey,TUR,1999,29.922,7.586,-3.052770557594343,3973.777638541164,18.1173400878906,2.63,27.65211708,63.03790636229255
Turkey,TUR,2000,26.509,6.269,6.98528697817062,4199.379863575901,19.43968963623045,2.487,24.84715079,64.8026223510739
Turkey,TUR,2001,27.088,7.472,-5.459408385630624,3052.225670679303,20.7620391845703,2.392,25.06398464,55.24695168676099
Turkey,TUR,2002,27.864,9.453,6.435508837931138,3591.08628982587,21.8128299713135,2.268,25.23001608,59.92567304441285
Turkey,TUR,2003,26.545,10.101,5.799093210385251,4649.636680685855,25.5461406707764,2.202,23.86368955,68.18824444642827
Turkey,TUR,2004,23.139,10.992,9.925405519186242,5979.605421614805,25.9345798492432,2.197,20.59556112,77.32790842648471
Turkey,TUR,2005,23.114,11.188,9.111577458616352,7331.854294302553,28.3609199523926,2.197,20.52800568,85.62624769486605
Turkey,TUR,2006,23.426,11.111,7.067626076239392,7990.082514072446,32.256721496582,2.193,20.82313714,89.38726147540513
Turkey,TUR,2007,23.449,10.98,5.108185139036038,9766.91734545294,34.2711715698242,2.16,20.8742998,98.82771547219403
Turkey,TUR,2008,24.331,11.602,0.9201182213658825,10913.40790477694,35.912841796875,2.15,21.50811738,104.467257572777
Turkey,TUR,2009,25.868,14.323,-4.882694017066328,9076.924722369766,41.8152809143066,2.1,22.16292636,95.27289605323104
Turkey,TUR,2010,27.445,12.998,8.54219848467686,10698.96994097566,51.5875282287598,2.08,23.8776989,103.4358252298287
Turkey,TUR,2011,28.639,11.291,10.97996252735985,11373.63557608852,56.9135704040527,2.05,25.40537051,106.647248328724
Turkey,TUR,2012,29.361,10.791,4.807626966334482,11776.75933620327,65.1214981079102,2.11,26.19265449,108.5207783615805
Turkey,TUR,2013,30.644,11.925,8.488256892985106,12635.55700160684,74.1832504272461,2.11,26.989703,112.4079934951551
Turkey,TUR,2014,30.171,11.904,4.600794472705587,12209.38623276745,81.5194778442383,2.19,26.57944416,110.4960914818594
Turkey,TUR,2015,31.416,12.664,5.805573866286835,11064.64945046625,89.8533096313477,2.16,27.43747776,105.1886374589302
Turkey,TUR,2016,32.38,13.743,3.323665082004453,10984.36431690613,97.5038528442383,2.11,27.93001660000001,104.8063181153986
Turkey,TUR,2017,33.533,14.099,7.825857300025945,10756.3877677883,104.26927947998,2.08,28.80518233,103.7130067435531
Turkey,TUR,2018,34.115,13.894,3.468153060922191,9684.118198847205,109.953590393066,2.0,29.3750619,98.40791735855
Turkey,TUR,2019,34.289,16.502,1.301623654645027,9395.233780013677,114.014442443848,1.89,28.63062922,96.92901412896799
Turkey,TUR,2020,30.83,14.976,1.803062470872547,8798.11791709313,117.806449890137,1.77,26.2128992,93.79828312444279
Turkey,TUR,2021,32.774,14.715,11.811094450607,9981.763984113362,126.784469604492,1.71,27.9513059,99.90877831358645
Turkey,TUR,2022,35.018,13.467,5.441225113224007,10897.83978613649,130.030578613281,1.63,30.30212594,104.3927190283714
Turkey,TUR,2023,35.764,12.719,5.045123698122893,13375.09472828643,109.999862670898,1.51,31.21517684,115.6507446075745
Turkey,TUR,2024,36.786,11.926,3.327623089379898,15892.71572872408,109.999862670898,1.48,32.39890164,126.0663148058357
